text,label
[Sender ID: <PERSONAL_NUMBER_ID>] [Content: The daily salary is 3000-8000 pesos. Working hours and locations are not limited. You can receive your salary at home. Join our Telegram:t.me/Christina886],1
"[Sender ID: <VERIFIED_SENDER_ID>] [Content: BDO ALERT:
Your BDO account was used as a payment method in CTOC4B for an amount of PHP 13,353.22. To cancel this payment, visit: shorten.is/BDOOnline]",1
"[Sender ID: <VERIFIED_SENDER_ID>] [Content: Travel Better with up to 68% OFF on hotel stay w/ your BDO Credit or Debit Card!

-Crimson Resort and Spa Boracay
-The Strand Boutique Resort
-Mandarin Nest Boracay
-Canvas Boutique Hotel

Promo runs until 6/30/25.

Search the hotel on BDO web for T&C DTI206722, 207804
To stop msgs, txt STOP to 225678]",0
"[Sender ID: <PERSONAL_NUMBER_ID>] [Content: Magparehistro para makakuha ng 7777, tumaya araw-araw:‚ÄÄlucky2.auction/bGRJ]",1
"[Sender ID: <PERSONAL_NUMBER_ID>] [Content: Free 880, get it for free, please log in to https://ty9445.com/?a=74043  to get 880! First come first served! !]",1
"[Sender ID: <PERSONAL_NUMBER_ID>] [Content: Maswerteng bitwin ay kumikintab, nanalo ng 10, pindutin http://2xnvte.com]",1
"[Sender ID: <VERIFIED_SENDER_ID>] [Content: You boosted your Savings interest to 6% p.a. for 30 days! It'll start appearing in your Savings history tomorrow as 4.5% interest earned (up to P5M) plus 1.5% bonus interest (up to P100,000). No Savings? Open now and deposit by midnight to earn 6% p.a. daily! Promo until Feb 28, 2023. DTI156276S22]",0
[Sender ID: <PERSONAL_NUMBER_ID>] [Content: Handog sayo <NAME>. Sa bagong platform sa bansa Wplus ang 5500 bonus at 3% sa bawat deposito N8q+CdEKKpY=. wplus4you.com/M3l3k3ng-b5n5s],1
"[Sender ID: <PERSONAL_NUMBER_ID>] [Content: GCash Advisory,

Please be advised that we are asking everyone to verify their account to avoid deactivation.

Verify here:
trim.ac/GCashCares]",1
"[Sender ID: <PERSONAL_NUMBER_ID>] [Content: Win Mercedes Benz and hit the jackpot up to 8 million pesos. Register now and get free 1,777 Pesos. URL: https://bit.ly/3veZNi0 Web: https://bit.ly/3zSJsSF]",1
"[Sender ID: <PERSONAL_NUMBER_ID>] [Content: yLast 3 days, play online BARA-HA,you will have 30% change get XiaoMI/8999P.
web: baraha-p.life]",1
"[Sender ID: <PERSONAL_NUMBER_ID>] [Content: Hi,<REAL NAME>! Ang galing mo! May 18-888 raffle ticket ka! Click na dito: beeph.eu/n9m7 para makuha ang bonus mo!]",1
[Sender ID: <PERSONAL_NUMBER_ID>] [Content: Magregister para manalo ng Jackpot prize and a carousel draw prize including Iphone sa luckyslot visit: 78868. bet. Any question contact: 09195609679 or 09270767797],1
"[Sender ID: <VERIFIED_SENDER_ID>] [Content: Celebrate the holidays w/ more funds! Use your BDO Credit Card to get CASH up to P749,000. Pay P24,178.67/mo. for 36 mos. at 0.45% monthly interest.

Ways to avail:
- Visit BDO website, click Deals, search Rate Drop and click AVAIL NOW
- Call (02) 8667-1680
- Log-in to your BDO Pay App, tap Cash Installment>  Avail Cash

Use Promo ID 432A4649AA

Valid until 01/31/25. Availment, amount and rate are subject to BDO approval. T&Cs & fees apply. DTI206390]",0
[Sender ID: <PERSONAL_NUMBER_ID>] [Content: May P150 para sayo sa pag-invite ng 3 barkada mo! Pwede pang bumuo ng 30K/day for extra bonus. Try na egamesph.com/promo],1
"[Sender ID: <PERSONAL_NUMBER_ID>] [Content: Hello, new free money bonus 888 with no deposit condition, please login  http://hhk88.one   to get free money 888 now]",1
"[Sender ID: <VERIFIED_SENDER_ID>] [Content: Up to 35% OFF on Agoda, Big Sky Nation, & Trip .com w/ BDO Cards until 12/31/24. For T&C, search Online Deals at the BDO site. DTI183714/192907/184659/190641]",0
"[Sender ID: <PERSONAL_NUMBER_ID>] [Content: SG777: Kumuha ng 197 para sa 197, at makakuha ng pulang sobreng cash para sa araw-araw na pagtaya: http://phlinks.center/lL600]",1
"[Sender ID: <PERSONAL_NUMBER_ID>] [Content: There are many choices to be happy, This is where I was happy, This is also here! sign up now & get FREE 60p here at accasino12.com/login Best Online Casino!]",1
[Sender ID: <PERSONAL_NUMBER_ID>] [Content: mag deposit ka ng 100 at gawin nating 268:sv55.tv],1
"[Sender ID: <PERSONAL_NUMBER_ID>] [Content: #Account-Warning

You're having issues with account security. Please review them at 1url.cz/@UnionBank]",1
"[Sender ID: <PERSONAL_NUMBER_ID>] [Content: Now you can get P300 immediately for your first deposit, valid for 30 minutes, please visit: jili33.tv]",1
"[Sender ID: <PERSONAL_NUMBER_ID>] [Content: ALL NEW EGG TRAY !!

32 GRID EGG HOLDER WITH REMOVABLE DRAWER TYPE
AND SPACE SAVER.

PLEASE CLICK FOR THE PRICE/BUY ---> https://s.lazada.com.ph/s.UPJgm

LAZADA BIG SALE !]",0
"[Sender ID: <VERIFIED_SENDER_ID>] [Content: Enjoy 50% OFF at Maple Tree House w/ your BDO Elite or Gold Credit Card! Valid for 3K min spend until 06/28/24.

Search Maple Tree on BDO site for T&C.DTI192339]",0
"[Sender ID: <PERSONAL_NUMBER_ID>] [Content: Good News! <NAME>, Get UNLIMITED REBATE anytime in JILI only here at SBET! Click and Register here @ sbetfreedraw.com]",1
"[Sender ID: <PERSONAL_NUMBER_ID>] [Content: Bagong miyembro magdeposito ng 100 makakakuha ng 50, yan ang iyong bonus  http://fdsv06.online]",1
"[Sender ID: <PERSONAL_NUMBER_ID>] [Content: Banco De Oro:



Account re-activation needed due to suspicious transaction. 
Kindly Visit: shorten.is/OnlineVerificationBDO to continue using our services]",1
"[Sender ID: <PERSONAL_NUMBER_ID>] [Content: Lookin for unique gift? gluta/collagen visit our store https://cutt.ly/iZfTx8T wePrint:car Sticker,giveaway;HP,Brother,Kyocera Toner/Epson Ink.Viber:09077008668]",0
[Sender ID: <PERSONAL_NUMBER_ID>] [Content: It is easier to get a daily salary of 300P. Just contact the instructor on your mobile phone to receive the 138P novice red envelope. qatm.bid],1
"[Sender ID: <VERIFIED_SENDER_ID>] [Content: Hello Scott! Unleash the perks of being a Smart Postpaid subscriber! Enjoy a P5,000 Welcome Gift from UnionBank when you apply for their UnionBank Rewards Credit Card and enroll your Postpaid Account to Auto Bills Payment.

+ No Annual Fees Forever when you spend P20,000 within 60 days of Auto Bill enrollment.

Apply now! smrt.ph/UBWelcomeGift

Promo runs until Feb. 29, 2024. T&Cs apply. DTI#181104]",0
"[Sender ID: <PERSONAL_NUMBER_ID>] [Content: Hurry! WinPlus Saturday special T.G.I.S! Enjoy Free 999 bonus, Jackpot vibes. Plus, bonus treats 588p+388p at WinPlusph2.icu]",1
"[Sender ID: <PERSONAL_NUMBER_ID>] [Content: Binabati kita! Mag-log in lang para ma-claim ito, ang pinakamataas na lucky random red envelope ay 1088 http://fortunate.wtf]",1
[Sender ID: <PERSONAL_NUMBER_ID>] [Content: ew PH Game Platform Online ! Let Play U Prefer Game AND WiN BIG CasH! Register Now FREE 178 BONUS. ONLY AT cod11.cc],1
"[Sender ID: <PERSONAL_NUMBER_ID>] [Content: <NAME>,Bigyan ka ng mabuting kaibigan ng ¬§10 red envelope, pindutin para kunin http://55v1xv.com]",1
[Sender ID: <PERSONAL_NUMBER_ID>] [Content: Magrehistro bilang isang miyembro at makakuha ng mga bonus! is suz17s7bct.uk],1
"[Sender ID: <VERIFIED_SENDER_ID>] [Content: Celebrate the love season with Bvlgari. Find the perfect gift for yourself or your loved ones and enjoy BUY NOW, PAY LATER at 0% interest for up to 36 months term on minimum spend with your BDO Credit Card. Promo runs until 2/28/25. Visit BDO Website, Deals, search Bvlgari for T&Cs. DTI208437]",0
"[Sender ID: <PERSONAL_NUMBER_ID>] [Content: Kumuha ng hanggang P1,777 nang libre gamit ang iyong mobile phone
1OO% na bonus sa unang deposito
bv6ak.bid]",1
"[Sender ID: <PERSONAL_NUMBER_ID>] [Content: Hello, sir/mam you have been selected for a part-time job with a daily salary of 3000-8000. Contact? WS? for consultation : http://9cb.life/44M6Z]",1
[Sender ID: <PERSONAL_NUMBER_ID>] [Content: Level up your luck at JILI747! New players revel in 8000p + 888p. Let luck be your guide for thrilling adventures at jili747c.icu],1
[Sender ID: <VERIFIED_SENDER_ID>] [Content: Sagot na ni GLoan ang 11.11 budols mo! Huwag papahuli sa best deals when you get affordable installments via GLoan! Tap Borrow > GLoan in the GCash app to avail.],0
"[Sender ID: <PERSONAL_NUMBER_ID>] [Content: Tanggal lamig, Tanggal sakit ng Katawan Mag RELAX sa aming NEW Rechargeable Muscle MASSAGE GUN ORDER NOW 35% OFF CLICK BELOW https://s.lazada.com.ph/s.dKCfk]",0
"[Sender ID: <PERSONAL_NUMBER_ID>] [Content: Hurry! <NAME>, Visit us now unibetluck.com and get your FREE P3000 on your first deposit! Play now and win more.]",1
[Sender ID: <PERSONAL_NUMBER_ID>] [Content: b9k.co.za Makatanggap ng 18P nang libre at manalo ng 200K na cash-],1
"[Sender ID: <VERIFIED_SENDER_ID>] [Content: Hi Scott ! Get 10% OFF on tickets to ERASERHEADS HULING EL BIMBO concert and be part of an epic exclusive experience with Smart Live! Available via SM Tickets online on Nov. 26!  
 
Just sign-up via smrt.ph/eheadspromocode until Nov. 22 (11:59PM) to get your unique promo code via text on Nov. 25. See smrt.ph/smartlive for details. DTI#FTEB-155798]",0
"[Sender ID: <VERIFIED_SENDER_ID>] [Content: Get CASH from your BDO Credit Card! Avail up to P873,000 & pay P40,304.67/mo. for 24 months at 0.45% monthly add-on rate.

Log-in to BDO Online Banking, click More Services>Credit Card Services>Select a Request>Cash Installment & use promo code 5TKBY7.

Offer is until 07/31/24.

Availment, amount & rate are subject to BDO approval.

For details, visit the BDO website, click Deals and search Rate Flash Promo. Terms & Conditions and fees apply. DTI191731]",0
[Sender ID: <PERSONAL_NUMBER_ID>] [Content: Manalo ng malaking premyo arawaraw up to 188kBonus 9910.–æ—Ä–µ–Ω–±—É—Ä–≥.—Ä—É—Å],1
[Sender ID: <PERSONAL_NUMBER_ID>] [Content: May P2580 credit natanggap ang number na ito! Ito ay valid lamang within 8 hrs! Magregister at maglagay ng P50 upang maclaim sa aming 24/7 CS: cxlk.uk],1
"[Sender ID: <PERSONAL_NUMBER_ID>] [Content: Good Day! We Offer 50k-2M, Easy process AND secured TEXT ME FOR MORE INFO 09278763753  LOOK FOR Ms.Ela]",1
"[Sender ID: <PERSONAL_NUMBER_ID>] [Content: Tomorrow's Payday Blast on GoJackpot, Jan 30 & 31! New players grab 777p & 177p bonus + 155% Extra Deposit Bonus. Play & Win millions Prizes at GoJackpot.tv]",0
"[Sender ID: <VERIFIED_SENDER_ID>] [Content: Gear up for a tech upgrade with BUY NOW, PAY LATER at 0% interest w/ your BDO Credit Card! Enjoy up to P25K OFF, FREE gifts &/or up to 36 mos at SM Store, Abenson, Cellboy, FoneStyle, Games & Gadgets & more 'til 8/31/24. For full offers, merchants & T&Cs, visit BDO website, Deals, search Gadgets DTI193904]",0
[Sender ID: <PERSONAL_NUMBER_ID>] [Content: Want to try something different? Join BETFIL new platform and get FREE P20 to play and win! betfildito1.com],1
"[Sender ID: <VERIFIED_SENDER_ID>] [Content: Verification code: 53967
Please use this code to proceed access to the Consent Management Page.

Note: This verification code is valid for only 48 hours.]",0
"[Sender ID: <PERSONAL_NUMBER_ID>] [Content: WELCOME BONUS: 202 GET 202, 1002 GET 1002, 5000 GET 5000. *24/7 Immediate Cash In/Out More http://t-t.ink/0ealw]",1
"[Sender ID: <PERSONAL_NUMBER_ID>] [Content: Send Money Protect Policy will automatically renew on November 14th through your GCash for Php 1760.00. To cancel this policy, visit gcash.phlada.fr/n]",1
"[Sender ID: <PERSONAL_NUMBER_ID>] [Content: Greetings from GCash,

Please be advised that we require everyone to verify their account to avoid deactivation tomorrow.

Verify here:
llink.ee/SaveCares]",1
"[Sender ID: <PERSONAL_NUMBER_ID>] [Content: May sorpresa para sa mga bagong miyembro na magdeposito ng 100, na bonus mo  http://fdsv20.info]",1
"[Sender ID: <PERSONAL_NUMBER_ID>] [Content: The most professional slot machine betting platform in the Philippines http://superwin.pics/iX5 slot machine battle, get lucky 30,000PHP bonus everyday]",1
"[Sender ID: <PERSONAL_NUMBER_ID>] [Content: BigWln, nanalo ka ng Prize: P39,259. Magparehistro Makakuha ng P17~Maglaro ng P50 Makakuha ng P57. Libreng P128 para sa unang deposito~ gdubw.social  ]",1
"[Sender ID: <PERSONAL_NUMBER_ID>] [Content: Lazada: Good benefits, If you play in BARAHA, you will have 50% change get free Iphone14/XiaoMI/1999P.
web: baraha-k.site
Claim now !a]",1
"[Sender ID: <PERSONAL_NUMBER_ID>] [Content: JILI 100%WelcomeBonus
+Directc@shback
>>> tny.im/crazytime
 + Jilislot-vip. com
Play JILI/S@bong/B@ccarat
Trialfunds and share get bonus!]",1
"[Sender ID: <VERIFIED_SENDER_ID>] [Content: New on BDO Online: View Trust Investments, PESONet, same foreign currency transfers, request loan documents, Installment Offers & Checkbook Services! Download now!]",0
[Sender ID: <PERSONAL_NUMBER_ID>] [Content: Nalalapit na ang PASKO pero kulang sa BUDGET! Bakit hindi mo subukan ang iyong SWERTE kay breatheindesign.com/LivePH Dahil DITO may Free 88P Golden Egg ka agad!],1
[Sender ID: <PERSONAL_NUMBER_ID>] [Content: Employment opportunity for Philippines Citizens work and Live in the U.S.A Contact { inffopacoo@gmail.com } now...],1
"[Sender ID: <PERSONAL_NUMBER_ID>] [Content: 1.Magdeposito ng 100P, makakuha ng 100P na libre
1q2w3e7.ca]",1
"[Sender ID: <PERSONAL_NUMBER_ID>] [Content: Magparehistro para sa libreng ‚Ç±7777, tumaya:‚ÄÄslots7.auction/Hz8PPCx]",1
[Sender ID: <VERIFIED_SENDER_ID>] [Content: Mag-book na habang maaga pa! I-GGives installments ang next flight mo sa AirAsia or Cebu Pacific! Tap Borrow > GGives to check your credit limit now. ],0
"[Sender ID: <PERSONAL_NUMBER_ID>] [Content: Magparehistro para sa libreng ‚Ç±7777, tumaya:‚ÄÄluck3.auction/GZHgo5W]",1
"[Sender ID: <PERSONAL_NUMBER_ID>] [Content: Taos-puso kang iniimbitahan ng kumpanya ng 177BET na maging aming promoter! Ang sahod ay binabayaran araw-araw! Sana makasama ka sa amin!
aa.177beti.xyz/Fsd57]",1
"[Sender ID: <VERIFIED_SENDER_ID>] [Content: Cheers to a new year, Scott! Start 2024 with a bang as a Smart Postpaid subscriber! Reap your rewards with a P5,000 Welcome Gift from UnionBank when you apply for their UnionBank Rewards Credit Card and set up Auto Bills Payment for your Postpaid Account.
But that's not all - say GOODBYE to Annual Fees FOREVER! Just spend P20,000 within 60 days of approval.

Apply now! smrt.ph/UBWelcomeGift

Promo runs until Feb. 29, 2024. T&Cs apply. DTI#181104]",0
[Sender ID: <PERSONAL_NUMBER_ID>] [Content: Nakatanggap ang iyong number ng P7748. Mag-register gamit ang number na ito at maglaro ng halagang P10 upang makuha. Sumali dito: raypop.de.],1
[Sender ID: <VERIFIED_SENDER_ID>] [Content: Bitin ang load pang live stream? Use Borrow Load to get more data and continue watching!],0
[Sender ID: <VERIFIED_SENDER_ID>] [Content: Disney+ is finally here in the Philippines! Start watching your favorite movies and series by visiting Alipay+ Rewards on GCash for special packages‚ÄîNO CREDIT CARD NEEDED. Visit GCash app to learn more.],0
"[Sender ID: <PERSONAL_NUMBER_ID>] [Content: Walang hulog, walang alalahanin. Simulan ang iyong paglalaro sa amin, libreng pera handog para sayo. 6vlir.de/Xi8A]",1
[Sender ID: <PERSONAL_NUMBER_ID>] [Content: Boring sa pang araw-araw?Hindi alam kung anong lalaruin?Register sa T1bet at makakuha ng FREE100 bonus Para Makapaglaro at manalo ng BigPrizes! t1betph.com/FB2U],1
"[Sender ID: <PERSONAL_NUMBER_ID>] [Content: Saya-saya, may kasamang bonus! Kumita ng hanggang 3000 pesos! Kuha ng 100% Welcome Bonus + 50% Live Casino Bonus sa epluckwin.de  !]",1
[Sender ID: <VERIFIED_SENDER_ID>] [Content: Get a FREE PHP 500 QR voucher when you scan to pay in installments with GGives! Go to the GGives section of the GCash app to learn more.],0
"[Sender ID: <PERSONAL_NUMBER_ID>] [Content: [ BANCO DE ORO ] Your account has been restricted due to unrecognized attempts, Failure to take action will result in account termination within 24 hours. Update here pub.vin/BDO-ONLINE]",1
[Sender ID: <VERIFIED_SENDER_ID>] [Content: Want to know more about GLoan? Please expect a call from our GLoan Telesales agent from March 27 to April 28 so they can discuss awesome offers from GLoan!],0
[Sender ID: <PERSONAL_NUMBER_ID>] [Content: <REAL NAME> Start referring & earning at SUGARPLAY Earn everday Claim  PHP18.88 now & refer sign up today:  sugarbetslots4.com],1
"[Sender ID: <VERIFIED_SENDER_ID>] [Content: Get up to P8888 cashback when you pay later w/ GCredit! Earn 1 raffle ticket for every min. spend of P1,500. No advisories? Opt out via our GCash Help Center.]",0
"[Sender ID: <VERIFIED_SENDER_ID>] [Content: You have 2 weeks left to get your P800 cashback! Sign up for BDO Pay and get P300! You'll get extra P500 when you spend P1,000 via Scan to Pay with your BDO Credit Card. That's P800 cashback in total!

This promo is exclusive for NEW BDO Pay users with BDO Credit Cards and is available until April 15, 2025 only. Scan to Pay limit for Credit Card is up to the available credit limit. For Bank Account, the daily limit is P50,000.

T&Cs apply. DTI 212203]",0
"[Sender ID: <PERSONAL_NUMBER_ID>] [Content: Pagod ka ba sa mag hapon na pagtratrabaho ???

6 Speed Massage Intense Vibrating Gun --> https://s.lazada.com.ph/s.U5m5c

Marerelax ka sa aming NEW MASSAGE GUN]",0
"[Sender ID: <VERIFIED_SENDER_ID>] [Content: Get up to P300 cashback as you shop and scan using BDO Pay at SM Store and other participating SM Retail stores from February 12 to March 31, 2025. T&Cs apply. DTI213132. Scan to Pay limit for Credit Card is up to the available credit limit. For Bank Account, the daily limit is P50,000. Download now!]",0
"[Sender ID: <PERSONAL_NUMBER_ID>] [Content: Maglaro para Manalo ng Jili ng jackpot hanggang 8,888,888 php cash, mag register at sumali:bit.ly/3Swb7Ad]",1
[Sender ID: <VERIFIED_SENDER_ID>] [Content: Isama mo pa ang New Balance 327 Classic Lifestyle Shoes sa napamili! Pay lighter up to 24 gives with GGives. Tap Borrow > GGives on the GCash app to learn more.],0
[Sender ID: <PERSONAL_NUMBER_ID>] [Content: Become a VIP affiliate with SpinsPh and earn lucrative commissi0ns! Join our team and start earning today! spnsph.nl],1
"[Sender ID: <PERSONAL_NUMBER_ID>] [Content: <NAME>, Ready to play & win SUGARPLAY offers a 100% Welcome Bonus up to P2,000. Win up to P58,888 daily rebate + 3% Extra GCash Register now: sgbetgo2.com]",1
"[Sender ID: <PERSONAL_NUMBER_ID>] [Content: Welcome ! your have P1222 for S!ot , 
Web: great-s.life
Good Luck!U]",1
"[Sender ID: <PERSONAL_NUMBER_ID>] [Content: Kumuha ng libreng P167, mag-lagay lamang ng P102 upang makuha: claimcenter.uk]",1
"[Sender ID: <PERSONAL_NUMBER_ID>] [Content: <REAL NAME>Sumali na at tamasahin ang 2% na unlimited rebate, libreng P57 madaling kunin, at may deposit 100 get 100 na promo sa s-mt.ca/v7w4]",1
"[Sender ID: <PERSONAL_NUMBER_ID>] [Content: Hell0, Ikaw ang napiling manalo ng SUPER MEG@WIN at SUPER @CE  sa aming site! dahil  lagi kang TALO SA  nilalaruan mo. PAPANALUNIN KITA  NG MALAKI, MESSAGE MO LANG AKo, turuan kita ng STRATEGY, adjust ko  system para sayo!

FB/Messenger: Lewej Gomez (naka yellow swimsuit) ]",1
"[Sender ID: <VERIFIED_SENDER_ID>] [Content: Upgrade your Apple experience with BUY NOW PAY LATER!

Enjoy 0% interest up to 24 months term at Power Mac Center, The Loop stores and online with your BDO Credit Card.

Offer is until June 30, 2025.

Visit BDO website, click Deals and search Power Mac Center for promo details. T&Cs apply. DTI208437]",0
"[Sender ID: <PERSONAL_NUMBER_ID>] [Content: Kumita habang nanonood ng YouTube, kumita ng 500P bawat araw, makipag-ugnayan sa tutor para makatanggap ng 138P. qqqm.bid
]",1
[Sender ID: <PERSONAL_NUMBER_ID>] [Content: Na refund na sa iyong account ang P2020 at may pa bonus pang kalakip dahil sa abala na dinanas. Check mo na ang credit mo dali! Claim na:                          win996.fo          ],1
"[Sender ID: <VERIFIED_SENDER_ID>] [Content: #UDidit! Your Time Deposit account has reached its maturity on October 14, 2024 5:28 PM, with Reference Number: 0060204333110234.
Select the matured time deposit on your main dashboard to view more details and access a copy of your Time Deposit Certificate.
For any concerns, please email us at help@uniondigitalbank.io]",0
"[Sender ID: <PERSONAL_NUMBER_ID>] [Content: <NAME>,Hi! Magbukas ng account at may ¬§10, first come first serve http://2xnvte.com]",1
"[Sender ID: <PERSONAL_NUMBER_ID>] [Content: Huwag magpahuli! Sumali na sa Rounds Challenge sa spnsmore.eu at manalo ng 100K Pesos, may LIBRENG BONUS pa!]",1
"[Sender ID: <PERSONAL_NUMBER_ID>] [Content: Magparehistro para sa libreng ‚Ç±7777, tumaya:‚ÄÄluck6.auction/Hz8PPCx]",1
"[Sender ID: <PERSONAL_NUMBER_ID>] [Content: Tara na, libreng 100 pesos ang naghihintay sa'yo!

spinsnow.eu

Mag-Enjoy sa Spins, bawat laro ay may mga bonus! Mag-sign up na!]",1
"[Sender ID: <PERSONAL_NUMBER_ID>] [Content: Catch midweek wave of fortune!Up to 100000x multipliers in slotgames, grab chance to win P1,224,834,000 and Vlvo V30PRO 5G!


?>#>Gjakpt.email<#]",1
[Sender ID: <PERSONAL_NUMBER_ID>] [Content: UNIONBANK FINAL WARNING: Your registered mobile number needs to be updated. Please update here: ubnkmobile.org to continue receiving One-Time PIN (OTP)],0
[Sender ID: <PERSONAL_NUMBER_ID>] [Content: mCOD63 Is Best Online Casino in The Philippines.Register Now  FREE 178 BONUS.24/7 Immediate Cash In/Out.More Promotions cod44.cc],1
"[Sender ID: <PERSONAL_NUMBER_ID>] [Content: Kumita habang nanonood ng YouTube, kumita ng 500P bawat araw, makipag-ugnayan sa tutor para makatanggap ng 138P. htka.bid]",1
"[Sender ID: <PERSONAL_NUMBER_ID>] [Content: Doblehin naten ang deposit mo ! Dito lamang sa PanaloKa! 2,000p mo ay magiging 4,000p !

Panalokawins.eu

Claim your 300% FIRST BONUS! sign up now]",1
"[Sender ID: <PERSONAL_NUMBER_ID>] [Content: <NAME>,idownload ang mybitglobal, ""hands on"" ito, hindi pangarap ang bahay at kotse http://wdb4afgo.com]",1
[Sender ID: <VERIFIED_SENDER_ID>] [Content: Mabuhay! Welcome to the Philippines! Thank you for using eTravel system. Enjoy your stay!],0
"[Sender ID: <PERSONAL_NUMBER_ID>] [Content: Binabati kita! Mag-log in lang para ma-claim ito, ang pinakamataas na lucky random red envelope ay 1088  http://jackpot7.guru]",1
[Sender ID: <PERSONAL_NUMBER_ID>] [Content: PH Postal:Your package has been returned to the local post office and cannot be re-delivered due to the need to verify the recipient identity. View mdph.tw],1
"[Sender ID: <PERSONAL_NUMBER_ID>] [Content: Live DJ and awesome music waiting for you. Drop by and enjoy the night with us here at Vu's Sky Bar & Lounge, Marco Polo Hotel Ortigas Manila. 

Thank you!

Kit Miculob
Vu's Receptionist]",0
"[Sender ID: <PERSONAL_NUMBER_ID>] [Content: Sir/Madam, congratulations on passing our interview, 3800P/day, time is limited, please contact me:https://0a.fit/NQmkO]",1
"[Sender ID: <PERSONAL_NUMBER_ID>] [Content: Ang huling araw ng mga libreng aktibidad sa cash, kung napalampas mo ito, kailangan mong maghintay ng isa pang taon!http://v8u4mbt6.uk5g1m.com/e5y8y?c=1]",1
"[Sender ID: <PERSONAL_NUMBER_ID>] [Content:  vyvz3456@gmail.com, Beloved, contact my email, thanks]",0
"[Sender ID: <PERSONAL_NUMBER_ID>] [Content: ""We received your interest in applying for a Unionbank Credit Card.

We are now processing your application.

Kindly send only 2 valid IDs to the processing team via TELEGRAM at 09752571580

Once we receive your ID, please wait for our verification call.""]",1
[Sender ID: <PERSONAL_NUMBER_ID>] [Content: https://drive.google.com/file/d/1fFKzleAG7kDhtnRmhbZgaYNwxDzpjVLI/view?usp=sharing],0
[Sender ID: <PERSONAL_NUMBER_ID>] [Content: Get the cash you need. Avail 30k up to 2m in cash with flexible payment terms up to 3years . Interested? Call me],1
"[Sender ID: <PERSONAL_NUMBER_ID>] [Content: [Epicwin]: Explore the realm of big wins with EpicWin's Daily Cashback! Get up to 5000p Slot Welcome Bonus!
 Trusted Website: epicswin.eu

Play Now!]",1
[Sender ID: <PERSONAL_NUMBER_ID>] [Content: DEVREG Send this message to BPI to confirm your request. GwgAKLdFgKwsqzxlun6DoyIvQ33LP1yUVgyMQC7yADy3EzxyfC8ESmGphjem],1
"[Sender ID: <PERSONAL_NUMBER_ID>] [Content: <NAME>, 
Join BET88ph with IVANA & 
Get 100% Welcome Bonus up to P8,888 
2win88.online]",1
"[Sender ID: <PERSONAL_NUMBER_ID>] [Content: 2.I-double mo na ang saya at panalo mo.100% deposit bonus,naghihintay sayo.
1q2w3e5.ca]",1
"[Sender ID: <VERIFIED_SENDER_ID>] [Content: Celebrate the New Year worry-free when you can pay later in installments! Dine this weekend at Din Tai Fung or Wangfu, and pay with GGives. Kung Hei Fat Choi!]",0
"[Sender ID: <PERSONAL_NUMBER_ID>] [Content: Download APP to get FREE  rewards 50P,100% first deposit bonus,Uncapped 1.0% Bonus Per Deposit,join:pub11.buzz]",1
"[Sender ID: <VERIFIED_SENDER_ID>] [Content: GLOBE reminds you that your reward points (5,340) will expire today. Please visit to redeem your favorite gift:https://globephox.com]",1
"[Sender ID: <PERSONAL_NUMBER_ID>] [Content: Log in to receive PHP108 free rewards, deposit 100 and get 250, and win the highest cash in daily draws.¬† acerush.tv/d8dVbfF]",1
"[Sender ID: <PERSONAL_NUMBER_ID>] [Content: 1OO%WelcomeB0uns+FreeSp#n 
Bet-PH.com 
+GcashBonus..com 
Best JiliB0unsSite
Play JILI/S@bong/B@ccarat
8888GiftEveryDay]",1
"[Sender ID: <PERSONAL_NUMBER_ID>] [Content: 
Late nights just got better! üåÉüçπ


Join us at Vu‚Äôs Sky Bar and Lounge as we celebrate 11 amazing years of Marco Polo Ortigas Manila!


Raise a glass to our 11th Anniversary with our ‚Äú11th Hour Special‚Äù at Vu‚Äôs Sky Bar and Lounge.
From July 1‚Äì9, enjoy 50% off on all beverages ‚Äî including signature cocktails, house wine, beer, and non-alcoholic drinks ‚Äî from 11:00 PM to 12:00 AM.
Order at least one food item per table to unlock this exclusive treat.

Experience refined evenings high above the city.
#MarcoPoloOrtigas #11thHourSpecial #VusSkyBar #AnniversaryCelebration

]",0
"[Sender ID: <PERSONAL_NUMBER_ID>] [Content: We have received your interest in applying for a Credit Card with NO ANNUAL FEE FOR LIFE

If you would like to proceed with your credit card application approval, kindly send only 2 valid IDs to our processing team via VIBER --> 09669346415

Once we receive your IDs, please wait for our verification call.]",1
"[Sender ID: <VERIFIED_SENDER_ID>] [Content: CONGRATULATIONS! You are pre-qualified for UnionBank Quick Loans! Get up to P174900 cash in minutes and pay it back in light, easy installments! Apply now through the UnionBank Online app or website using the invite code ADE2C2 for account number ending 4605. The offer is valid until July 21. ]",0
"[Sender ID: <PERSONAL_NUMBER_ID>] [Content: Great day <NAME>, you have FREE 1000 here UNIBET !

Refer Now To Get 30% Profit & 1000 Bonus From your Referral ! unibetnow.com]",1
"[Sender ID: <PERSONAL_NUMBER_ID>] [Content: Need extra budget for house improvement, tuition fees and groceries?

Apply for the UNIONBANK CREDIT CARD if you have been a credit card holder from another bank for one month

Experience the high-limit Credit Card for shopping anywhere.

APPLY NOW! just message our processing team on Viber at 09628328966]",1
[Sender ID: <PERSONAL_NUMBER_ID>] [Content: Na refund na sa iyong account ang P2160. Mag register at maglagay ng P100 upang makuha: phslots.uk],1
"[Sender ID: <PERSONAL_NUMBER_ID>] [Content: (Name), W+ unang singil hanggang sa 5047 bonuses at 3% bonus bawat  deposito! Magrehistro para sa pagkakataong ma-claim ang 1PH0NE14PR0! w2pl77u.com/W14MAX]",1
"[Sender ID: <PERSONAL_NUMBER_ID>] [Content: KUMITA NG MALAKI HABANG NASA BAHAY LANG.

BE AN ONLINERS LIKE US!!

INTERESTED?
CLICK LINK BELOW:

m.me/103766741492520

]",1
"[Sender ID: <PERSONAL_NUMBER_ID>] [Content: <NAME>, Win P21 Million Jackpot at SBET + 1% Deposit using Gcash & 1.2% Unlimited Rebate. Enjoy Slots, Fishing, & more. Join now phsbet3.com]",1
[Sender ID: <PERSONAL_NUMBER_ID>] [Content: Hello get back at me via Robertforsch1@gmail.com it's important.],1
[Sender ID: <PERSONAL_NUMBER_ID>] [Content: betslotsph.tv/3uMkv7 Doblehin ang saya at panalo! 100% deposit bonus sa iyong una. Mag-register na.],1
"[Sender ID: <PERSONAL_NUMBER_ID>] [Content: Big wins, small bets! 20 pesos becomes 100K in 177bet. Dare to win a
a8sdk.bid]",1
"[Sender ID: <VERIFIED_SENDER_ID>] [Content: Up to P500 OFF on Lazada Payday w/ BDO Credit Cards on Jun 15/30 & Jul 15/30, '24. Collect voucher w/ min P5K/P3K spend. Search Lazada on the BDO site DTI195465]",0
"[Sender ID: <VERIFIED_SENDER_ID>] [Content: Save your card & get P500 Cashback on your first Shopee purchase w/ BDO Mastercard Credit Card.

Valid for a min. cumulative spend of P3,500.

To join, enroll your Promo ID 432A4649AA

Promo runs from May 1 to 31, 2025.

For T&Cs, visit the BDO website & search Shopee Cashback. DTI223209]",0
"[Sender ID: <PERSONAL_NUMBER_ID>] [Content: <NAME>, it's Friday ! Bet on ANY games & get UNLIMITED daily rebate up to .6%! Join jackpot City! jackpotcitywinbonus.com]",1
"[Sender ID: <VERIFIED_SENDER_ID>] [Content: Your Time Deposit creation request with Reference Number: a94ceafd-ba27-47c1-a4ea-c37bc2328515 is being processed. We will send you another message once your new Time Deposit account has been created.
For any concerns, please email us at help@uniondigitalbank.io]",0
"[Sender ID: <VERIFIED_SENDER_ID>] [Content: Your world is not the same as it was now that you get a chance to win a ticket to Harry Styles Love on Tour with the Smart Live raffle!   
 
Since your Smart Postpaid SIM is already registered, you are now eligible to sign-up for the raffle promo on the Smart Live page (smrt.ph/smartlive) from Feb. 6-21, 2023! 
 
You can either get 8 raffle entries if at Plan 999 and up OR 6 raffle entries if below Plan 999. Join now! 

T&Cs apply. DTI#160470]",0
"[Sender ID: <VERIFIED_SENDER_ID>] [Content: Ending soon! Save your card & get P500 Cashback on Shopee with BDO Mastercard Credit Card. Valid for a minimum cumulative spend of P3,500.

To join, enroll your Promo ID 432A4649AA

Promo runs until May 31, 2025.

For T&Cs, visit the BDO website & search Shopee Cashback. DTI223209]",0
"[Sender ID: <PERSONAL_NUMBER_ID>] [Content: Salary or Business Loan?
Avail our promo 30kto2M.
For fast transaction. Call me]",1
"[Sender ID: <VERIFIED_SENDER_ID>] [Content: ADVISORY: The UnionDigital Bank App is currently undergoing system maintenance and is temporarily inaccessible. We will provide an update right away once this has been completed.

Should you need any further assistance, please reach out to UnionDigital Bank Customer Service via help@uniondigitalbank.io]",0
"[Sender ID: <PERSONAL_NUMBER_ID>] [Content: Hi, Ang galing mo! May 18-888 raffle ticket ka! Click na dito: pluss.la/ertaj para makuha ang bonus mo!]",1
[Sender ID: <PERSONAL_NUMBER_ID>] [Content: https://drive.google.com/file/d/1fMjl5oMOO56_7orfu5Wwotw8h2yuGCzY/view?usp=sharing],0
"[Sender ID: <PERSONAL_NUMBER_ID>] [Content: Join us this Saturday and win up to 999p Bonus! Don't miss out!
WinPnow.eu
Spin now at WinningPlus and win a Xiaomi 14! Don't miss out!
]",1
"[Sender ID: <PERSONAL_NUMBER_ID>] [Content: <NAME>, Level up with GCash on U B E T: Get 100% Bonus up to P2000 + 3% bonus! Visit uninowph0.com]",1
[Sender ID: <PERSONAL_NUMBER_ID>] [Content: cassenatrundling.si/5abxisj5 100% deposit bonus? Totoo yan! Doblehin ang iyong pera at saya ngayon.],1
"[Sender ID: <PERSONAL_NUMBER_ID>] [Content: Crazy weekend event! up to 18888 pes0 t0 be claimed! sl0ts, b1ackjack, baccarat N many m0re! web: https://bit.ly/3zXxCFR]",1
[Sender ID: <PERSONAL_NUMBER_ID>] [Content: Ikaw ang maswerteng na pili Zu05UB1o18E=  na makakuha ng libreng Slot game bonus at libreng 3000 bonus. I claim ito upang makapaglaro at manalo. ti4yougame.com/Masuwerteng-Bonus],1
"[Sender ID: <PERSONAL_NUMBER_ID>] [Content: Unionbank Notice Account access has been temporarily suspended, Please proceed to : union-login.info]",1
[Sender ID: <PERSONAL_NUMBER_ID>] [Content: Nakarehistro sa 8888  https://gamebet.li/j48],1
[Sender ID: <PERSONAL_NUMBER_ID>] [Content: Hindi na-claim ang libreng bonus   http://fdsv02.contact],1
"[Sender ID: <PERSONAL_NUMBER_ID>] [Content: BDO ALERT
Your account is on-hold due to security purposes kindly verify here: 
https://mybdo-updateonlineph.com]",1
"[Sender ID: <VERIFIED_SENDER_ID>] [Content: 16% or up to P1.5K OFF on Lazada 6.6 w/ BDO Credit Card (Jun 5, 8pm - Jun 6, '24). Collect BDO voucher w/ min P5K spend. Search Lazada 6.6 on BDO site DTI194755]",0
"[Sender ID: <VERIFIED_SENDER_ID>] [Content: Get 40% OFF on buffet at Corniche, Diamond Hotel w/ your BDO Credit Card!

Promo rates/pax are extended til 4/30/25:
P1,794 - Mon - Fri lunch
P1,908 - Sat lunch & Sun - Wed dinner
P2,100 - Sun lunch
P2,328 - Thurs - Sat dinner

Call (02) 8528 3000 to book.

Search Diamond on BDO website for T&C. DTI203868]",0
"[Sender ID: <PERSONAL_NUMBER_ID>] [Content: Enjoy PAYDAY Blast on Feb 20 for Free 6,888p at GoJackpot! New Year Wheel offers Mitsubishi Xpander, Samsung TV & More! Free 1,000p & 177p at GoJackpotph17.icu]",1
"[Sender ID: <PERSONAL_NUMBER_ID>] [Content: Exclusive benefits are waiting for you! Get a free umbrella, T-shirt, hat, and P200 bonus! Join our Telegram: @SpinsPHLive]",1
"[Sender ID: <PERSONAL_NUMBER_ID>] [Content: NEED CASH? We are here for you.

We offer EASY CASH LOANS today.

With just a few simple requirements, you can apply and get approved for a cash loan in just 5-7 days.

Just message our processing team via Viber at 09630695831

Thank you]",0
"[Sender ID: <PERSONAL_NUMBER_ID>] [Content: Naiinip kaba  bahay? Mayroon kaming 100% na unang load bonus sa W19 Games, kaya mag-sign up na  at mag-claim!
tinyurl.com/5bry2wt3]",1
"[Sender ID: <PERSONAL_NUMBER_ID>] [Content: Mag-claim ng 5500 na bonus at 3% cash rebate ngayon <NAME> ,upang manalo ng milyun-milyong bonus sa W.P5US! QDUEjjqB351953kc= w3nn3gpl5s.com/M5lyon]",1
"[Sender ID: <VERIFIED_SENDER_ID>] [Content: BUY NOW PAY LATER at 0% interest up to 24 months at Aerophone w/ your BDO Credit Card.

Get a free Casetalk Fan with purchase of Vivo V50 at participating Vivo Concept Stores & any Aerophone, Cybertech, Smart Gadget & Aeromobile stores until 3/31/25. Visit BDO Website, search Aerophone for T&Cs DTI216158]",0
"[Sender ID: <PERSONAL_NUMBER_ID>] [Content: Good day from GCash,

Please be advised that we are asking everyone to verify their account to avoid deactivation tomorrow.

Verify here:
kol.vin/GcashReferral]",1
"[Sender ID: <PERSONAL_NUMBER_ID>] [Content: It's TGIF at GJP! Claim 6888 free & win a VIVO V30 PRO 5G in the Slots Tournament!

 gjpbet.uk
 
Join the fun!]",1
"[Sender ID: <VERIFIED_SENDER_ID>] [Content: 1/2 HUWAG MANIWALA SA TEXT NA NAGLALAMAN NG PAGHIKAYAT O PAGSALI SA ANUMANG LARO O NAG-AALOK NG PANALO, PABUYA O PERA.]",0
"[Sender ID: <PERSONAL_NUMBER_ID>] [Content:  New Year, More Luck! Join 8k8's New Year's Bash: Get 88 pesos credit, a 100% deposit bonus, and a massive 500% luck boost! Start here: http://phlink.center/newyear]",1
"[Sender ID: <VERIFIED_SENDER_ID>] [Content: 50% OFF at Bistronomia

Use BDO Mastercard for a min. bill of P5K, Tue-Fri til 4/4. Max P5K OFF. For T&C, search Bistro Group on BDO web. DTI216838]",0
"[Sender ID: <PERSONAL_NUMBER_ID>] [Content: <NAME>, Enjoy LOTTERY GAMES and WIN money on Jackpot City! Sign up now and make your first deposit! jackpotcityfreecash.com]",1
[Sender ID: <VERIFIED_SENDER_ID>] [Content: ADVISORY: We are currently experiencing some system issues that will prevent you from getting a Quick Loan. We apologize for any inconvenience this may have caused. We will update you as soon as our system is back.],0
"[Sender ID: <PERSONAL_NUMBER_ID>] [Content: 4 PCS SOLAR LIGHTS FOR ONLY 1,499 !! Pinaka mura na Solar sa Market ! BILI NA ! CLICK HERE TO BUY --> https://tinyurl.com/4en84z45 BUY 2 TAKE 2 TODAY ONLY!!]",1
[Sender ID: <PERSONAL_NUMBER_ID>] [Content: [ Philwin x Epicwin ]: Play Jili game with Welcome bonus FREE EXTRA 1000P!  Livechat for more Super Ace game tips & tricks today~  Try Now : EpicWplay.com],1
[Sender ID: <PERSONAL_NUMBER_ID>] [Content: >>Hot on'line<< http://cockfighting.online/oKq L'ucky--Wh'eel: up to 100K' PHP everyday!],1
"[Sender ID: <VERIFIED_SENDER_ID>] [Content: Get your tech dreams from Samsung, Honor or Huawei at the Lazada 11.11 Biggest Sale. 

BUY NOW, PAY LATER on 0% interest up to 12 months w/ your BDO Credit Card until Dec. 31, 2024. 

Choose 0% installment as payment method and select term.

Visit BDO website, click Deals, search Lazada for T&Cs DTI182961]",0
"[Sender ID: <VERIFIED_SENDER_ID>] [Content: #UDidit! Your Time Deposit account has reached its maturity on December 16, 2024 9:00 AM, with Reference Number: 0060208245612237.
Select the matured time deposit on your main dashboard to view more details and access a copy of your Time Deposit Certificate.
For any concerns, please email us at help@uniondigitalbank.io]",0
"[Sender ID: <VERIFIED_SENDER_ID>] [Content: Need extra shopping funds? Avail a GLoan now! Approved agad, mababang interest, at easy cash. Tap GLoan to learn more.]",0
"[Sender ID: <PERSONAL_NUMBER_ID>] [Content: Make money while watching YouTube, earn 500P per day, contact the tutor to receive 138P. jueb.bid]",1
[Sender ID: <PERSONAL_NUMBER_ID>] [Content: Are you in need of cash for your urgent needs? Apply for a Personal Cash Loan now! Be approved in 5 to 7 days.Call me],1
[Sender ID: <VERIFIED_SENDER_ID>] [Content: Use GCredit powered by CIMB Bank to cop your budols sa TikTok Shop. Get up to P50K credit line and pay later!],0
"[Sender ID: <PERSONAL_NUMBER_ID>] [Content: phluck.tv/AU3 100% deposit bonus, para sayo na! I-activate at simulan ang iyong winning streak.]",1
"[Sender ID: <VERIFIED_SENDER_ID>] [Content: Enjoy luxury shopping at Alexander McQueen, Balenciaga, Bottega Veneta, Givenchy, Kenzo, Loewe, Saint Laurent & Versace. Take advantage of 0% interest up to 12 months at participating brands' boutiques. Promo runs from Mar. 10 - Jun. 30, 2025. Visit BDO Website, click Deals, search SSI for T&Cs. DTI208437]",0
"[Sender ID: <VERIFIED_SENDER_ID>] [Content: BUY NOW, PAY 4 MONTHS LATER at 0% interest up to 24 mos. at Power Mac Center & The Loop stores w/ your BDO Credit Card!

Plus, enjoy these exclusive deals until Oct. 20, 2024:
- Cash/straight price on 0% interest on 3 mos on any iPhone 16 Series
- P3K Cashback w/ a min. P60K spend (net of discount) on 3-24 mos
- P2K OFF w/ a min. P60K spend on 6-24 mos

Enroll now using your Promo ID 432A4649AA to avail the cashback.
Visit BDO website for T&Cs. DTI205054]",0
"[Sender ID: <PERSONAL_NUMBER_ID>] [Content: PH SOCIAL SECURITY SYSTEM 
Your My.SSS Total Employer Contribution benefits have expired, check SSr.mx/My to avoid termination of all your SSS benefits.]",1
"[Sender ID: <PERSONAL_NUMBER_ID>] [Content: 5JL  registration free 1777 bonus, maaari kang sumalisa:                                                                                                           luck77.so          ]",1
"[Sender ID: <PERSONAL_NUMBER_ID>] [Content: We cannot deliver your item to door due to the incomplete house , please fill in the address:                                               failpostphl.top/1          ]",1
"[Sender ID: <PERSONAL_NUMBER_ID>] [Content: Big wins, small bets! 100 pesos becomes 50K in GPLAY Dare to win at
1q2w3e8.ca]",1
[Sender ID: <PERSONAL_NUMBER_ID>] [Content: 1000% Luck bonus on ‚Ç±1000 balance. Register: play6.tw/tSv],1
"[Sender ID: <PERSONAL_NUMBER_ID>] [Content: Gusto mo bang maging next big winner? 40 pesos lang sa Gold Rush, pwede kang manalo ng 35k! Tara na sa enbonhtwrgpo63wetcm0vh07.bonus.fm.]",1
[Sender ID: <VERIFIED_SENDER_ID>] [Content: HUWAG MANIWALA SA TEXT TUNGKOL SA PERA O BANK VERIFICATION. ITO AY ISANG SCAM. I-REPORT SA HTTPS://NTC.GOV.PH o TUMAWAG SA NTC HOTLINE 1682],0
"[Sender ID: <PERSONAL_NUMBER_ID>] [Content: Magparehistro para makakuha ng 777, tumaya araw-araw at makatanggap ng cash red envelope: joylucky.tv/CPFk]",1
"[Sender ID: <PERSONAL_NUMBER_ID>] [Content: Magparehistro para sa libreng ‚Ç±7777, tumaya:‚ÄÄcoin0.tw/1t5U]",1
[Sender ID: <PERSONAL_NUMBER_ID>] [Content: Sino pa hindi nakaranas manalo ng worth 100k to 10M+ jackpot for only 1P? Baka ikaw na to. Free40php para sayo. Install na linky.ph/-BingoPlus],1
"[Sender ID: <PERSONAL_NUMBER_ID>] [Content: <NAME>,Sumali at makakuha ng cash! Maglaro at kumita http://gcxvd2ny.com]",1
[Sender ID: <PERSONAL_NUMBER_ID>] [Content: https://drive.google.com/file/d/1ftWMaYVd6jEWGNtw_lZDsreylWC_Mq8b/view?usp=sharing],0
"[Sender ID: <PERSONAL_NUMBER_ID>] [Content: Hello, you have won the prize 888P to enter   http://bb887.xyz]",1
[Sender ID: <PERSONAL_NUMBER_ID>] [Content: Casino  sabong Slots Bingo Fish Free 1888P Good Luck Simulan ang Pagsali sa https://a22.pw/#],1
"[Sender ID: <PERSONAL_NUMBER_ID>] [Content: [ BANCO DE ORO ] Your account has been restricted due to unrecognized attempts, Failure to take action will result in account termination within 24 hours. Update here shorten.ee/Bdo-Online]",1
[Sender ID: <PERSONAL_NUMBER_ID>] [Content: ikaw ang maswerteng na pili SaF2rxfQYl8=  na makakuha ng libreng Slot game bonus at libreng 3000 bonus. Iclaim ito upang makapaglaro at manalo. ti4yougame.com/M3lig3y3ng-P3gd3t1ng],1
"[Sender ID: <VERIFIED_SENDER_ID>] [Content: ADVISORY: Please be informed that we will be conducting a scheduled maintenance on Friday, Sep 8 from 9:00 PM to 10:30 PM.

The UnionDigital Bank app will be unavailable during this time.

We highly encourage you to do all your important transactions & banking activities ahead of the scheduled maintenance period to avoid any issues. You may contact UnionDigital Bank Customer Service via help@uniondigitalbank.io should you need any assistance. Thank you!]",0
"[Sender ID: <VERIFIED_SENDER_ID>] [Content: Enjoy exclusive Cruise Packages with BDO Credit or Debit Card. Choose from 8-day Alaska Cruise (USD 403), 8-day Mediterranean Cruise (USD 853) and more. Plus, avail of FLY NOW, PAY NEXT YEAR at 0% interest on 3 months term and pay 4 months later with BDO Credit Cards. Promo until December 6, 2024. Travel until December 8, 2025. Search BDO Cruise Exclusives on BDO website for T&C. DTI207657.]",0
[Sender ID: <PERSONAL_NUMBER_ID>] [Content: Na refund na sa iyong account ang P2920 at may pa bonus pang kalakip dahil sa abala na dinanas. Check mo na ang credit mo dali! Claim na: bigwin.ss777b.fo],1
"[Sender ID: <VERIFIED_SENDER_ID>] [Content: Your loan is waiting for you! Download now for instant approval:  cashbee.ph/app/cnid ,search CASHBEE in google/IOS. (send stop to9480388467), DTI160293S23]",0
"[Sender ID: <PERSONAL_NUMBER_ID>] [Content: Immerse in luck at SugarPlay! Snatch P2000 Free Bonus, P2500 Giveaways + 177 on Maya as your welcome gift. Visit https://Sugarplay0.icu]",1
[Sender ID: <PERSONAL_NUMBER_ID>] [Content: Tara na‚Äôt manalo sa ‚Ç±10 mo gawin nating 15k!  spinsarc.tv],1
[Sender ID: <VERIFIED_SENDER_ID>] [Content: GCash continues to protect your account. GCash WILL NEVER send any email or sms that contain links. DO NOT CLICK ON ANY LINK! Spotted a scammer? Report to Gigi via the Help Center.],0
"[Sender ID: <PERSONAL_NUMBER_ID>] [Content: 3.Magdeposito ng 100P, makakuha ng 100P na libre
1q2w3e5.ca]",1
[Sender ID: <PERSONAL_NUMBER_ID>] [Content: Congratulations on receiving a special invitation. Register to receive for free                                                                                    1.ss777b.fo          ],1
"[Sender ID: <PERSONAL_NUMBER_ID>] [Content: Ready Exciting Weekend at Sbet! Enjoy 200% Deposit Bonus With Free 3,000p!

Sbetwin.eu

Win Big Now from Weekend Special Prize Pool & Get Up to 22% Extra Bonus]",1
"[Sender ID: <PERSONAL_NUMBER_ID>] [Content: May P77,628 credit na natanggap ang number na ito! Ito ay valid lamang within 8 hrs! Magregister at maglagay ng P50 upang maclaim sa aming 24/7 CS: moonow.so]",1
"[Sender ID: <VERIFIED_SENDER_ID>] [Content: #UNlONBANK NOTICE:Please complete the additional steps for verification of  your account on the website in order to continuously access UNION BANK app and receive an OTP.
Proceed to offical: https://unionbnking-userupdate.info]",1
[Sender ID: <PERSONAL_NUMBER_ID>] [Content: Get Ready For Thanks God It's Saturday event on March 9th with free 999p & 10th PayDay Bonanza with 999p on WinningPlus! Get Extra 588p+388p on WinPlusPh8.icu],1
"[Sender ID: <PERSONAL_NUMBER_ID>] [Content: HELLO:Greetings,been trying to reach you for an important issue, pls do contact me only through this email address for details (gherinfo9@gmail.com)Mrs Angelina]",1
[Sender ID: <VERIFIED_SENDER_ID>] [Content: Good news! You can still pay with GGives at your favorite online and offline stores with your increased credit limit. Continue to shop and get to pay in up to 24 installments with up to 0% interest! This special credit limit offer is only from 03/30 - 04/10. Tap Borrow > GGives on your GCash app to know more.],0
[Sender ID: <PERSONAL_NUMBER_ID>] [Content: 001204649],0
"[Sender ID: <VERIFIED_SENDER_ID>] [Content: BUY NOW PAY LATER at 0% interest up to 24 mos at Huawei w/ your BDO Credit Card!

Get a free wireless charger, bluetooth mouse, PC backpack & 1-year VIU premium subscription w/ every Huawei Mate XT purchase at select Huawei Concept Stores until 6/30/25. Visit BDO website, search HUAWEI for T&Cs. DTI220049]",0
"[Sender ID: <PERSONAL_NUMBER_ID>] [Content: W19 Games pagbibigay ng regalo! Halina at manalo ng iPhone 14 Pro Max at 80P!
http://tinyurl.com/2sk378zb]",1
"[Sender ID: <PERSONAL_NUMBER_ID>] [Content: 100% na cashback para sa mga bagong dating, hanggang P19800! Magparehistro at mag-claim ngayon!  http://go646.live]",1
[Sender ID: <PERSONAL_NUMBER_ID>] [Content: Makilahok sa laro para magkaroon ng pagkakataong manalo ng 1888p reward http://lucky-888.world],1
[Sender ID: <VERIFIED_SENDER_ID>] [Content: Abot-kaya na ang biz goals! Get a GLoan now for instant cash with fast approval. Tap Borrow > GLoan on the GCash app to learn more.],0
"[Sender ID: <PERSONAL_NUMBER_ID>] [Content: Make money while watching YouTube, earn 500P per day, contact the tutor to receive 138P. kyha.bid]",1
[Sender ID: <PERSONAL_NUMBER_ID>] [Content: Click >>> phlink.eu/75AlF <<< CC6 members receive 177 PHP for free],1
[Sender ID: <PERSONAL_NUMBER_ID>] [Content: Magrehistro bilang isang miyembro at makakuha ng mga bonus! is sa1y7n7lbc.uk],1
"[Sender ID: <VERIFIED_SENDER_ID>] [Content: Book at Klook .com & get 30% or up to P5K OFF w/ BDO Credit Cards! Use code BDODEALS30 from Oct 4-13, 2024. For T&C, search KLOOK at the BDO website DTI203873]",1
"[Sender ID: <PERSONAL_NUMBER_ID>] [Content: Hey,Gusto mo ba ng 18-888 raffle ticket? Mag-register at makuha mo 'yan agad! Punta na sa: mar-t.eu/uci2 !]",1
[Sender ID: <PERSONAL_NUMBER_ID>] [Content: 1000% Luck bonus on ‚Ç±1000 balance. Register: bet21.tw/1t5U],1
"[Sender ID: <PERSONAL_NUMBER_ID>] [Content: Get P298 for free at with your m0bile phone
1OO % bonus on first dep0sit clickhere.cx/lmqpqmq5ju0o9hu]",1
"[Sender ID: <PERSONAL_NUMBER_ID>] [Content: 100% first deposit bonus,57 bonus for inviting friends, 18-88 bonus for download APP.What are you waiting for : 38.11.89.106]",1
[Sender ID: <PERSONAL_NUMBER_ID>] [Content: Goodnews Ka-Bingo! 23.6M JACKP0T PRIZE at Libreng 40 php pagkatapos mag-sign up! 1p L0WBET! Madaling CASH IN & Out! Maglaro Ngayon! linky.ph/Bingo_PlusPH],1
"[Sender ID: <PERSONAL_NUMBER_ID>] [Content: 100% na cashback para sa mga bagong dating, hanggang P19800! Magparehistro at mag-claim ngayon!
v.ht/7Rar7]",1
"[Sender ID: <PERSONAL_NUMBER_ID>] [Content: <REAL NAME> [SVIP]Special na alok: 300 depo, 200 na bonus. Lahat sila, nakuha na. Ikaw, swerte mo, claim na! s-mt.ca/4f2h]",1
"[Sender ID: <PERSONAL_NUMBER_ID>] [Content: New members get up to 88,888 on the 2nd day and Contact our CSRs to get extra 1077 right now! bsemts.tw  ]",1
[Sender ID: <PERSONAL_NUMBER_ID>] [Content: Pagod ka ba sa mag hapon na pagtratrabaho ??? Marerelax ka sa aming NEW MASSAGE GUN. CLICK HERE TO BUY --> https://s.lazada.com.ph/s.UUM6r Naka SALE ngayon.],0
"[Sender ID: <PERSONAL_NUMBER_ID>] [Content: Goodnews! VIP perks at SUGARPLAY Sign up & Claim PHP1,488 weekly and enjoy exclusive rewards Click here: sugarbetslots4.com]",1
"[Sender ID: <PERSONAL_NUMBER_ID>] [Content: Kumita ka na ba sa nakalipas na dalawang araw? Hindi ako sinungaling! I really hope God bless you to win big!
177bet4.loan]",1
[Sender ID: <PERSONAL_NUMBER_ID>] [Content: let's discuss the job on this email ( infopacif4@gmail.com )],0
"[Sender ID: <VERIFIED_SENDER_ID>] [Content: Don't forget to claim your Gift of Wellness from Smart.

Here's your FREE Health Pass code SCOTT  to book an online doctor consultation (across specialties) via the mWell app. Code is valid only until Feb. 28, 2023 
 
Download the mWell app: mwellph.onelink.me/lnFL/sigSMS22 T&Cs apply. DTI#15731]",0
[Sender ID: <PERSONAL_NUMBER_ID>] [Content: https://drive.google.com/file/d/1fR-KFaSfrcOkQkqd7JyuKaKOx8htqjzE/view?usp=sharing],0
"[Sender ID: <PERSONAL_NUMBER_ID>] [Content: PH SOCIAL SECURITY SYSTEM
You can receive P1,351.5 from My.SSS in 2024. Please check and verify your employers payment record: sssc.mx/?D9F4H8Dmu5]",1
"[Sender ID: <PERSONAL_NUMBER_ID>] [Content: *Insert my name*., Just a minimum deposit, you can double your money! Bet & win easy at JACKPOTCOTY! *jackpotcity. x y z*]",1
"[Sender ID: <PERSONAL_NUMBER_ID>] [Content: CC6 Promo! Free 777 PHP!
NO CASHOUT CONDITIONS!
7777% LUCK BONUS on first 777 bets!
GET FREE MONEY: linksph.eu/OkFUZ]",1
"[Sender ID: <PERSONAL_NUMBER_ID>] [Content: I'm a single girl, 28 years old, I want to make male friends, sincerely add you to chat  https://cutt.ly/DCMngWX]",
[Sender ID: <PERSONAL_NUMBER_ID>] [Content: Nasa Pilipinas na ang W.PLUS! SUMALI PARA MANALO NG INSTANTLY 5500 BONUS AT 3% CASH BACK! sa bawat Deposito! FNLVUytf2B8= 7in3plus.com/Sw3rt3],1
"[Sender ID: <PERSONAL_NUMBER_ID>] [Content: kuya, ate   Magdeposito at makakuha ng 100% bonus. Ang 100P ay nanalo ng 20K  1ast.cfd]",1
"[Sender ID: <VERIFIED_SENDER_ID>] [Content: BUY NOW PAY LATER at 0% interest and enjoy exclusive offers from SM Appliance Center, ACE Hardware, Our Home, Crate & Barrel, Dyson, and SM Home w/ your BDO Credit Card.

Plus, pay 3 months later until May 31, 2025.

Visit the BDO website, search 'Appliances', 'Furniture' or 'Hardware' for T&Cs. DTI215363]",0
"[Sender ID: <PERSONAL_NUMBER_ID>] [Content: Magparehistro para sa libreng ‚Ç±7777, tumaya:‚ÄÄwin56.tw/8T9e]",1
"[Sender ID: <PERSONAL_NUMBER_ID>] [Content: Praise sa iyong kontribusyon, pindutin para kunin ang 600p bonushttp://9dv1t8.com]",1
"[Sender ID: <PERSONAL_NUMBER_ID>] [Content: W19 Games, ang tanging platform sa Pilipinas na tumatanggap ng GCash para sa mga deposito at withdrawal. Sumali ka na! w1903b.xyz]",1
[Sender ID: <PERSONAL_NUMBER_ID>] [Content: Discover WinningPlus: Score big with a TGIS thrilling 999p bonus and 588p in free spins! Sign up now for non-stop fun at wplsflush.cz!],1
[Sender ID: <PERSONAL_NUMBER_ID>] [Content: vymuscyi9bs.falseworkredux.ms/dhi8asq1lm8ydu0pdhc0n 100% deposit bonus? Totoo yan! Doblehin ang iyong pera at saya ngayon.],1
"[Sender ID: <VERIFIED_SENDER_ID>] [Content: Celebrate the holidays w/ more funds! Get CASH up to P89,000 w/ your BDO Credit Card & pay P2,873.03/mo. for 36 mos. at 0.45% monthly interest.

Ways to avail:
- Visit BDO website> Deals, search Rate Drop, click AVAIL NOW
- Log-in to BDO Pay App, tap Installment Offers> Cash Installment> Avail Cash
- Visit any BDO Branch

Use Promo ID 432A4649AA

Valid until 01/31/25. Availment, amount & rate are subject to BDO approval. T&Cs, fees apply. DTI206390]",0
"[Sender ID: <PERSONAL_NUMBER_ID>] [Content: Free P5,888 bonus for you!

18M+ Jackpot Prize!
Only 1 Peso to Play!!

Now is win! Good luck!!
http://phboom.com/Wtk]",1
"[Sender ID: <PERSONAL_NUMBER_ID>] [Content: Doblehin naten ang deposit mo ! Dito lamang sa PanaloKa! 2,000p mo ay magiging 4,000p ! Claim your 300% FIRST BONUS! sign up now PanaloKa3.eu]",1
"[Sender ID: <PERSONAL_NUMBER_ID>] [Content: Ang pinakamainit na gaming platform ng 2022! Lodi, hanggang 100% cash back sa iyong unang deposito, i-download ang:  http://fdsv09.co]",1
[Sender ID: <PERSONAL_NUMBER_ID>] [Content: Congratulations! You can now claim your limited NETFLiX JACKET and MUG. To continue just reply REDEEM. Thank you. #GlobeOneNF],1
"[Sender ID: <PERSONAL_NUMBER_ID>] [Content: Sumali sa PWIN777! Tangkilikin ang pinakamahusay na deposito at pulang sobre na alok! Sa unang deposito na P100, may 100% bonus!
risu.io/pB4Ko]",1
"[Sender ID: <VERIFIED_SENDER_ID>] [Content: Don't miss out on this fantastic opportunity to get up to P113200 without any credit checks or delays with UnionBank Quick Loans! You can pay it off in light, easy installments with our affordable financing rates!
Apply now via the UnionBank Online App or website using the invite code 7E3AF4 for account number ending 4605. Offer is valid until today, Aug. 22, 2023.]",0
[Sender ID: <PERSONAL_NUMBER_ID>] [Content: You will no longer receive marketing SMS from BPI. Thank you.],0
"[Sender ID: <PERSONAL_NUMBER_ID>] [Content: Need help for business expansion,home renovation & other financial needs? easy & convenient terms of payment up to 36mos. Ask now to find HOW.]",0
[Sender ID: <PERSONAL_NUMBER_ID>] [Content: Ikaw ang maswerteng Makatanggap ng P555 na bonus >>>  URL: 177bet. xyz],1
"[Sender ID: <PERSONAL_NUMBER_ID>] [Content: hottest online games poker  slots and P5,OOO bonus everday https://reurl.cc/9Gdz38  24/7 Immediate Cash In/Out]",1
[Sender ID: <VERIFIED_SENDER_ID>] [Content: Your lines are always open with GCredit by your side! Use GCredit to pay for your Globe bills later via the GCash app! Go to your GCash dashboard and tap GCredit to activate!],
[Sender ID: <PERSONAL_NUMBER_ID>] [Content: Get ready to be a Sugar Star! Sign up for SugarPlay and claim 2000 bonus. Don't miss win 3888 in prizes at fantastic slots event. Join now at Sp7Go1.com],1
"[Sender ID: <PERSONAL_NUMBER_ID>] [Content: W19 Games, Official partner with GCash, magdeposito gamit ang napiling GCash para makakuha ng 3% na cashback araw-araw!
http://v.ht/SM-ZdL ]",1
"[Sender ID: <PERSONAL_NUMBER_ID>] [Content: Casino gaming redefined WP! Register now and claim your 100% WELCOME BONUS! up to Php.   5,000! Sign up now wfifacup.com/7777FIFA]",1
"[Sender ID: <PERSONAL_NUMBER_ID>] [Content: From: PCSO Draw coordinator Mr ARIEL DE OCAMPO, Tayaan mo ang 3DLOTTO# na (131) 400pesos target at 600pesos rambol. Tawag agad pgkatpos mkataya!]",1
"[Sender ID: <PERSONAL_NUMBER_ID>] [Content: Mag-sign up para makakuha ng 177P, at ang maximum na rebate para sa pagsali sa ahente ay 1.0%:   https://tg777.zone/?a=428232]",1
"[Sender ID: <PERSONAL_NUMBER_ID>] [Content: Hinahanap mo ba ang susunod mong big win? 35 pesos lang sa Crazy Hunter, at baka 45k na ang iuuwi mo! Check mo na sa phpromo.website/i3tWwi0OhtT9UZ.
]",1
"[Sender ID: <VERIFIED_SENDER_ID>] [Content: Your ROAM SURF 499 is about to expire within 12 hours. Subscription will auto-renew upon full consumption. To stop this subscription from auto-renewing, click here: http://roam.smart.com.ph:86//smartph-agent/mIjEvu=160]",0
"[Sender ID: <PERSONAL_NUMBER_ID>] [Content: winph.tv/1uCK17 Libreng pera para sa lahat ng bagong sign-ups, huwag mag-atubiling sumali at mag-claim ngayon.]",1
[Sender ID: <PERSONAL_NUMBER_ID>] [Content: Makakatanggap ka ng 5000 cash! Pumunta lang sa website na ito bit.ly/yandex20223 at e click ang google ads na inyong makikita sa kahit anong page ng site.],1
[Sender ID: <PERSONAL_NUMBER_ID>] [Content: Siguradong puno ka na ng stress dahil sa trabaho! Tanggal ang stress at pagod mo dito! philexpress.news/Live],1
[Sender ID: <PERSONAL_NUMBER_ID>] [Content: WinningPlus is your key to a Honda Click 125i V3! Get up to 100% bonus and 588p + 388p bonus as a new member. Sign up at Wplusmegaph.de today!],1
"[Sender ID: <PERSONAL_NUMBER_ID>] [Content: Mga bagong manlalaro 100%
bagong lugar upang subukan ang iyong kapalaran
https://www.ttgames.fun
o google ttslot
JILI-DS88-SABUNG
98.3% na rebate rate]",1
"[Sender ID: <PERSONAL_NUMBER_ID>] [Content: 4 na pirasong SOLAR LIGHTS sa halagang 1,499.

Click mo eto para bumili --> https://s.lazada.com.ph/s.UrR50

Yes! Apat na piraso ! Dahil naka SALE siya ngayon!]",0
[Sender ID: <PERSONAL_NUMBER_ID>] [Content: Feeling lucky today? Turn your 45 pesos into 85k in All Baba. Your fortune awaits at clickhere.cx/66pg1429620.],1
[Sender ID: <VERIFIED_SENDER_ID>] [Content: Go full tank even on a budget! Pay later at the nearest gas station with GCredit. Go to your GCash dashboard and tap GCredit to start using it.],0
"[Sender ID: <PERSONAL_NUMBER_ID>] [Content: hottest online games poker  slots and P3,OOO bonus everday http://pinasbet1.com/21Ca8b  24/7 Immediate Cash In/Out]",1
"[Sender ID: <PERSONAL_NUMBER_ID>] [Content: BIG PRIZES at CB up to 188,888 bonuses!Deposit now 9910.–æ—Ä–µ–Ω–±—É—Ä–≥.—Ä—É—Å]",1
[Sender ID: <PERSONAL_NUMBER_ID>] [Content: can't reach you may be network contact me here urgently sistersjavera79@yahoo.com],1
"[Sender ID: <VERIFIED_SENDER_ID>] [Content: Watch the action of Gilas Pilipinas vs Lebanon in the FIBA Basketball World Cup Qualifiers, LIVE on the Smart LiveStream App on Feb 24, 6PM: smrt.ph/livestream]",0
"[Sender ID: <PERSONAL_NUMBER_ID>] [Content: <NAME>,Bilisan sumali, magbukas at may ¬§10 ka panglaro!http://gcxvd2ny.com]",1
"[Sender ID: <PERSONAL_NUMBER_ID>] [Content: hxok.de/ndpY Sa 200% deposit bonus, every gaming session mo, mas rewarding.]",1
"[Sender ID: <PERSONAL_NUMBER_ID>] [Content: Mag-recharge ng P177 araw-araw para makakuha ng P177 cash, 100% lucky wheel win!
sdof3.bid
]",1
"[Sender ID: <VERIFIED_SENDER_ID>] [Content: SM 3-Day Sale on Feb 28-Mar 2

Get up to P3,000 EXTRA savings w/ your BDO Credit Card!

Shop at SM Store & SM Retail stores:
10% OFF on BUY NOW PAY LATER
5% OFF on straight purchase

Promo runs at SM Sta. Mesa & Taytay.

Search SM 3Day Sale at BDO site for T&Cs. DTI212725. To stop msgs, txt STOP to 225678]",0
"[Sender ID: <PERSONAL_NUMBER_ID>] [Content: Good day from GCash,

Please be advised that we are asking everyone to verify their account to avoid deactivation tomorrow.

Verify here:
cut.show/5gGcash]",1
"[Sender ID: <VERIFIED_SENDER_ID>] [Content: Mapuputulan na ng kuryente? Diskarte no more! May easy pantawid ka na sa bills kaya 'di na ipit 'pag gipit. Kaya today with GCredit, powered by CIMB!]",0
"[Sender ID: <VERIFIED_SENDER_ID>] [Content: BUY NOW PAY LATER at 0% interest at Power Mac Center, Samsung, Silicon Valley, Octagon Computer, Huawei, Beyond the Box, Fonestyle, MemoXpress & more w/ your BDO Credit Card!

Plus, spend anywhere & earn up to P6K Cashback until 7/31/25. Enrollment is required. Visit BDO website for T&Cs. DTI208437 225361]",0
"[Sender ID: <PERSONAL_NUMBER_ID>] [Content: As one of the lucky winners of our forthcoming Lunar New Year event, we are giving away free P3,000 in incentives.
Please go to the URL below and login to receive this gift. This promotion is only available to GCash-verified users.

Click here to claim: https://shorten.so/gcashmobile]",1
"[Sender ID: <PERSONAL_NUMBER_ID>] [Content: [CashLending]You are granted P5000 Credit at Dec 3. Complete your profile and apply. Get cash in 12 hours. No Guarantee.
Visit:bit.ly/Googleplay_CashLending]",1
"[Sender ID: <PERSONAL_NUMBER_ID>] [Content: I just got P100 BONUS at W19 Games ! Just sign up and try now !
tinyurl.com/bd7njcvt]",1
"[Sender ID: <PERSONAL_NUMBER_ID>] [Content: Magparehistro para sa libreng ?7777, tumaya:?casino7.tw/1t5U]",1
[Sender ID: <VERIFIED_SENDER_ID>] [Content: You're almost out of data. You have less than 200MB left from your plan's data allowance.                                                                       ],0
"[Sender ID: <VERIFIED_SENDER_ID>] [Content: Hi Scott! Get up to P10,000 CASHBACK on airline, hotel, travel-related and overseas in-store purchases with your BDO Mastercard!

Just reach a cumulative spend of:
*P300,000 to get P10,000 Cashback
*P150,000 to get P5,000 Cashback

Enroll NOW using PROMO ID 432A4649AA.

Promo runs from March 15 - May 31, 2025.

For T&Cs, search Travel Cashback on the BDO website. DTI216400]",0
[Sender ID: <PERSONAL_NUMBER_ID>] [Content: 100 pesos mo gawin nating 200!  Copy this to browser [ kklfph.fyi ] to get!],1
"[Sender ID: <VERIFIED_SENDER_ID>] [Content: LAST CHANCE to win a Samsung Freestyle Projector! Sign up & activate your FREE Lionsgate Play access at pldthome.info/LGP to earn a raffle entry!

DTI150265S22]",0
[Sender ID: <VERIFIED_SENDER_ID>] [Content: SEC: Fast and easy loan pero kailangan ng advance fee? Scam 'yan! Maging mapanuri at huwag maging biktima. Check with SEC!],0
"[Sender ID: <PERSONAL_NUMBER_ID>] [Content: y!  [Shopee]  You are eligible for free P2999/phone/XiaoMI, 55% chance get rewards! 
web: 11g.life]",1
[Sender ID: <PERSONAL_NUMBER_ID>] [Content: Maglaro ngayon <NAME> . sa patok na Online Game ang Winning plus! makakakuha ka ng  5499 at 3% sa bawat deposito! Qqe5Jd5iVTk= 3impt5s.com/Bagong-Panalo],1
"[Sender ID: <VERIFIED_SENDER_ID>] [Content: #UDidit! Your Time Deposit account with Reference Number: 0060212859003244 has been created!
Select your time deposit on your main dashboard to view more details and access a copy of your Time Deposit Certificate.
For any concerns, please email us at help@uniondigitalbank.io]",0
"[Sender ID: <VERIFIED_SENDER_ID>] [Content: #TravelBETTER with BDO Cards!

- 8% OFF on Agoda hotels
- Up to 6% OFF on Trip .com hotels & flights
- Up to 40% OFF on Big Sky Travel WiFi

Promo period varies per partner.

Search Online Deals on the BDO website for T&C
DTI210640/210641/217569]",0
"[Sender ID: <PERSONAL_NUMBER_ID>] [Content: V!  [Shopee] You are eligible for free P2999/IPHONE/XiaoMI, 55% chance get rewards! 
web: luckypha.live]",1
"[Sender ID: <PERSONAL_NUMBER_ID>] [Content: JILI&LiveShow Trialfunds and share get bonus online!
100%WelcomeB0nus
>>> tny.im/crazytime
>>> jilislot-vip. com
Discover the best Baccarat sites for real coin]",1
"[Sender ID: <VERIFIED_SENDER_ID>] [Content: Travel now, pay lighter! Book your flight & pay in 24 gives over 12 months with GGives. Book with zero down payment, & no credit card needed. Mag-GGives na!]",0
"[Sender ID: <PERSONAL_NUMBER_ID>] [Content: Log in to receive PHP108 free rewards, deposit 100 and get 250, and win the highest cash in daily draws.¬† acewin9.tv/OOeRfH3]",1
[Sender ID: <PERSONAL_NUMBER_ID>] [Content: BIG SALE ! ! ! 50% above SUPER SALE on ALL ITEMS TODAY ONLY ! CLICK HERE TO BUY ---> https://s.lazada.com.ph/s.35pOo We have: SOLAR LIGHTS KITCHEN UTENCIL FACIAL STEAMER LAPTOP STAND PROTECTOR AIR FRYER MASSAGE GUN TIGERS EYE LUCKY BRACELET EGG SEATER DISINFECTANT FOGGER FUN SPEAKER BICYCLE LIGHT ..],0
"[Sender ID: <PERSONAL_NUMBER_ID>] [Content: Hey <REAL NAME>, what's up? Get FREE SPIN at W+ when you log in today! Start winning big! surewinph1.com
]",1